{
	"ProductCollection": [
		{
			"SalesOrder": "0000000001",
			"SalesOrderType": "標準受注",
			"SalesOrganization": "国内販売組織1",
			"SoldTo": "国内得意先1",
			"ShipTo": "国内得意先1",
			"CustomerRef": "20190618",
			"NetValue": "100,000",
			"currency": "JPY"
		},
		{
			"SalesOrder": "0000000002",
			"SalesOrderType": "標準受注",
			"SalesOrganization": "国内販売組織2",
			"SoldTo": "国内得意先2",
			"ShipTo": "国内得意先2",
			"CustomerRef": "20190619",
			"NetValue": "9,000",
			"currency": "JPY"
		},
		{
			"SalesOrder": "0000000003",
			"SalesOrderType": "標準受注",
			"SalesOrganization": "国内販売組織3",
			"SoldTo": "国内得意先3",
			"ShipTo": "国内得意先3",
			"CustomerRef": "20190703",
			"NetValue": "8,000",
			"currency": "JPY"
		}
	],
	"ItemsCollection": [
			{
			"OrderItem": "10",
			"Material": "TG11",
			"ItemDescription": "Item001",
			"OrderQuantity": "20",
			"NetValue": "800"
			}
	],
	"currencyCode":"JPY"
}
