<edmx:Edmx xmlns:edmx="http://schemas.microsoft.com/ado/2007/06/edmx"
	xmlns:m="http://schemas.microsoft.com/ado/2007/08/dataservices/metadata" xmlns:sap="http://www.sap.com/Protocols/SAPData" Version="1.0">
	<edmx:DataServices m:DataServiceVersion="2.0">
		<Schema xmlns="http://schemas.microsoft.com/ado/2008/09/edm" Namespace="ZTEST_USR_SRV" xml:lang="ja" sap:schema-version="1">
			<EntityType Name="ZUSER" sap:content-version="1">
				<Key><PropertyRef Name="Mandt"/><PropertyRef Name="Usrid"/></Key><Property Name="Mandt" Type="Edm.String" Nullable="false" MaxLength="3" sap:unicode="false" sap:label="クライアント" sap:creatable="false"
					sap:updatable="false" sap:sortable="false" sap:filterable="false"/><Property Name="Usrid" Type="Edm.String" Nullable="false" MaxLength="12" sap:unicode="false" sap:label="ユーザ名" sap:creatable="false"
					sap:updatable="false" sap:sortable="false" sap:filterable="false"/><Property Name="Usrname" Type="Edm.String" Nullable="false" MaxLength="30" sap:unicode="false" sap:label="名称 1" sap:creatable="false"
					sap:updatable="false" sap:sortable="false" sap:filterable="false"/><Property Name="Usraddr" Type="Edm.String" Nullable="false" MaxLength="55" sap:unicode="false" sap:label="住所" sap:creatable="false"
					sap:updatable="false" sap:sortable="false" sap:filterable="false"/></EntityType>
			<EntityContainer Name="ZTEST_USR_SRV_Entities" m:IsDefaultEntityContainer="true" sap:supported-formats="atom json xlsx"><EntitySet Name="ZUSERSet" EntityType="ZTEST_USR_SRV.ZUSER" sap:creatable="false" sap:updatable="false" sap:deletable="false"
				sap:pageable="false" sap:content-version="1"/></EntityContainer><atom:link xmlns:atom="http://www.w3.org/2005/Atom" rel="self" href="./sap/ZTEST_USR_SRV/$metadata"/><atom:link xmlns:atom="http://www.w3.org/2005/Atom" rel="latest-version" href="./sap/ZTEST_USR_SRV/$metadata"/></Schema>
	</edmx:DataServices>
</edmx:Edmx>